make,model,price
Acura,CL,$33186.85
Dodge,Dakota,$35978.91
Chevrolet,Sportvan G30,$12015.24
Porsche,944,$31455.09
Mitsubishi,Galant,$27818.42
Pontiac,Grand Prix Turbo,$14799.21
Pontiac,Montana,$18598.02
Isuzu,Space,$49194.83
Cadillac,DeVille,$42510.15
Oldsmobile,Aurora,$43663.53
Saab,9000,$16729.85
Dodge,Magnum,$27874.54
Subaru,Outback,$47002.20
Cadillac,Eldorado,$16314.72
Porsche,911,$11183.17
Isuzu,i-Series,$33534.30
GMC,Vandura 3500,$47397.23
GMC,Sierra Denali,$40711.57
Chevrolet,Tahoe,$48206.13
Buick,LeSabre,$19886.13
Honda,Odyssey,$42182.55
Mazda,MPV,$25705.72
Lexus,GS,$26816.65
BMW,3 Series,$47614.33
Maserati,Coupe,$32641.28
Lincoln,Mark VIII,$11288.98
Maybach,57,$48581.01
BMW,M3,$29580.32
Pontiac,Grand Prix,$13638.33
Dodge,Ram 1500,$17848.29
Mercedes-Benz,SLK-Class,$15692.48
Chrysler,Voyager,$34698.94
Mitsubishi,Lancer,$23050.32
Jeep,Wrangler,$19506.87
Dodge,Dakota Club,$23110.13
Mitsubishi,Galant,$44900.68
BMW,M5,$34484.86
Merkur,XR4Ti,$22922.10
Volvo,V40,$11849.46
Mercedes-Benz,SL-Class,$30935.93
Ford,F-Series Super Duty,$30481.52
Hyundai,Scoupe,$23096.52
BMW,Z4,$12669.11
Ford,Mustang,$48321.40
Audi,A4,$29393.46
Mercury,Villager,$14909.26
Isuzu,i-Series,$41797.19
Mercedes-Benz,GL-Class,$23448.42
Eagle,Talon,$31158.94
Ford,Expedition EL,$46582.95
Ford,E150,$30292.01
Plymouth,Voyager,$44935.16
Ford,F150,$24784.00
Mazda,MX-5,$49704.14
Isuzu,Hombre,$14387.00
GMC,Savana 2500,$41734.47
Nissan,Frontier,$35904.10
Volvo,XC60,$24345.04
Mercedes-Benz,S-Class,$16014.72
Chevrolet,Express 2500,$32768.76
Buick,Rendezvous,$29144.87
Buick,Skylark,$44225.94
Toyota,Tacoma,$35630.62
GMC,Sierra 3500,$19223.17
Cadillac,Escalade EXT,$42481.54
Lamborghini,Gallardo,$17170.64
Dodge,Shadow,$44727.40
Rolls-Royce,Phantom,$40733.42
Ford,Probe,$36678.67
Hyundai,Elantra,$46398.07
Ford,Ranger,$11183.22
Ford,Mustang,$32992.16
Buick,LaCrosse,$35631.87
Jeep,Grand Cherokee,$24689.14
Lincoln,Mark VIII,$32972.97
Chevrolet,Corvette,$26544.49
Dodge,Caravan,$42452.85
Dodge,Daytona,$12043.92
Kia,Sorento,$49528.13
Chevrolet,Metro,$28720.96
Hummer,H3,$18519.94
Chevrolet,Silverado,$30997.76
Dodge,Nitro,$15687.77
Infiniti,J,$42672.80
Ferrari,California,$34197.52
Chevrolet,Cobalt,$36179.64
Ford,Focus,$40186.57
Suzuki,XL-7,$13203.29
Volkswagen,Passat,$30936.91
Geo,Prizm,$31341.84
Chevrolet,Beretta,$15114.80
Acura,TSX,$12435.32
Dodge,Dakota Club,$26720.15
Toyota,Camry Hybrid,$25903.66
Jeep,Compass,$42710.11
Chevrolet,HHR,$48706.60
Mercedes-Benz,S-Class,$32592.38
BMW,M6,$30214.43
Subaru,Justy,$18799.94
Mercedes-Benz,S-Class,$22918.39
Ford,Tempo,$23668.75
Honda,CR-V,$17041.32
Saab,900,$34673.60
Mitsubishi,GTO,$28273.15
Mazda,MPV,$18121.65
Mercedes-Benz,E-Class,$37592.52
Buick,Regal,$49543.66
GMC,Safari,$26760.69
Geo,Metro,$14631.76
Buick,Regal,$35863.19
Nissan,Xterra,$39953.67
Lincoln,Continental,$26385.81
Mazda,929,$41102.88
Land Rover,Freelander,$34018.35
Dodge,Grand Caravan,$47258.24
Toyota,Prius,$27196.83
GMC,Safari,$35784.52
Mazda,Mazda5,$23232.88
Jaguar,XK Series,$28170.65
GMC,Safari,$18342.59
Ford,E250,$12768.65
Hyundai,Azera,$48774.00
Ford,Taurus,$26640.27
Morgan,Aero 8,$29108.67
Chevrolet,2500,$31270.12
Mercedes-Benz,C-Class,$18262.83
Suzuki,Grand Vitara,$15407.32
Mitsubishi,Challenger,$25448.82
Ford,Crown Victoria,$26634.47
Volvo,XC70,$18475.16
Mercury,Mariner,$43243.36
Chrysler,200,$49817.63
Daewoo,Leganza,$47747.13
Ford,Fiesta,$30118.02
Chevrolet,Malibu,$24706.23
Mercedes-Benz,W126,$28353.04
Ford,F250,$46443.36
Oldsmobile,Cutlass,$47954.61
Citroën,2CV,$45097.33
Nissan,Pathfinder,$14864.50
Infiniti,G,$24523.72
Chrysler,Prowler,$43769.74
BMW,5 Series,$45444.04
Dodge,Avenger,$11342.16
Volkswagen,Golf,$16767.06
Acura,NSX,$19704.78
GMC,Vandura G3500,$31244.65
Nissan,Pathfinder,$47838.10
Chevrolet,Express 3500,$10388.55
GMC,Vandura 3500,$47983.63
Mercedes-Benz,E-Class,$12260.44
Volkswagen,Golf III,$20701.57
Mazda,Tribute,$15279.96
Ford,EXP,$16466.33
Dodge,D150,$26029.97
Land Rover,Sterling,$10354.14
Jaguar,X-Type,$17572.60
Volkswagen,Golf III,$37851.29
Volvo,V50,$18146.02
Chevrolet,Volt,$22721.33
Chevrolet,Corvette,$19780.24
Lexus,LS,$45039.11
Ford,F250,$49566.32
Chevrolet,Sportvan G10,$39938.11
Lexus,RX,$20212.45
Plymouth,Grand Voyager,$20840.38
Hyundai,Sonata,$22520.58
MINI,Countryman,$29192.80
Cadillac,XLR,$13720.63
GMC,1500 Club Coupe,$29120.48
Mercedes-Benz,300CE,$29585.36
Isuzu,Rodeo,$11159.64
Ford,F150,$26041.35
Audi,A7,$45408.24
Infiniti,QX,$30329.80
Subaru,Impreza,$49018.83
Ford,F-Series,$11780.10
Toyota,Camry,$18428.63
Honda,Odyssey,$16332.77
Chevrolet,Malibu,$38513.20
Volkswagen,Passat,$20034.96
Porsche,928,$12314.27
Volkswagen,Passat,$35480.41
Toyota,4Runner,$46623.10
Lincoln,Continental,$41743.22
Hyundai,Veloster,$19815.32
GMC,Savana 1500,$29163.68
Ram,1500,$20910.78
Nissan,Maxima,$12059.46
Hyundai,Accent,$37471.80
Eagle,Vision,$20154.38
Acura,CL,$10863.49
Isuzu,Hombre,$29088.54
Mazda,Tribute,$44909.33
Chevrolet,Express 2500,$10614.49
Jeep,Patriot,$26188.07
Lexus,LS,$13850.70
BMW,Z4 M,$12014.32
Maserati,GranSport,$25736.93
Lincoln,Navigator,$23760.10
Toyota,Camry,$15360.46
Volkswagen,Touareg,$32614.73
Toyota,Corolla,$39560.27
Volkswagen,Jetta III,$30526.33
Plymouth,Neon,$11250.89
Volkswagen,Passat,$11676.65
Chevrolet,Corvette,$26830.08
Porsche,Cayenne,$25463.93
Chevrolet,Astro,$14997.44
Chevrolet,Monte Carlo,$37234.88
Saturn,S-Series,$11561.88
Mitsubishi,Challenger,$15066.96
Mitsubishi,Galant,$49189.84
Porsche,911,$28773.28
Infiniti,G37,$25921.61
GMC,Sierra 2500,$23367.28
Volkswagen,Jetta,$32348.43
GMC,Savana 2500,$12088.35
Subaru,Alcyone SVX,$24558.64
Audi,A4,$28614.59
Maybach,57,$46743.08
Volkswagen,Golf,$17237.09
Toyota,T100,$27411.13
Saab,9-5,$36135.79
Subaru,Justy,$24746.12
Nissan,Sentra,$33860.19
Honda,Odyssey,$17353.95
Mazda,MPV,$18474.62
Mitsubishi,Diamante,$21733.54
Isuzu,i-350,$44232.04
Toyota,Celica,$28400.35
Dodge,Ram Wagon B350,$30591.32
Geo,Metro,$27345.95
Lexus,ES,$42613.64
Oldsmobile,Achieva,$24952.81
Chevrolet,Traverse,$32567.63
Toyota,Land Cruiser,$28507.91
Pontiac,Bonneville,$11632.85
Honda,Ridgeline,$48081.27
Toyota,Yaris,$26755.73
Nissan,Pathfinder,$29213.38
Ford,F250,$14927.81
Mercedes-Benz,300E,$29529.24
Dodge,Viper,$18057.43
Suzuki,Daewoo Lacetti,$44215.78
Ford,Explorer,$29340.13
Honda,Fit,$44412.57
Audi,A8,$14407.49
Bentley,Continental GT,$15069.55
Cadillac,Seville,$46619.47
Mercedes-Benz,400SEL,$40137.76
Mitsubishi,3000GT,$22704.83
Chevrolet,S10,$15126.00
Nissan,Sentra,$46957.79
Toyota,MR2,$26996.10
Kia,Sportage,$48612.24
Subaru,Brat,$18367.31
Chevrolet,Astro,$22860.58
Porsche,Boxster,$14100.84
Subaru,Impreza,$13880.15
Pontiac,Tempest,$42089.26
Mitsubishi,Cordia,$27360.94
Chevrolet,Express,$34963.68
Lincoln,Navigator,$41155.55
Buick,Park Avenue,$14022.81
Audi,A8,$41190.30
Aston Martin,Vantage,$19333.73
Toyota,Celica,$16684.79
Volvo,S40,$14673.67
Buick,Century,$24405.12
Land Rover,Discovery,$48475.86
Ford,Explorer Sport Trac,$29373.39
Volkswagen,New Beetle,$17927.07
Chevrolet,Malibu,$43438.10
Toyota,Celica,$25458.60
Ford,E-Series,$37312.29
Volkswagen,Golf III,$21969.49
Ford,Windstar,$38053.36
Dodge,D350 Club,$31973.42
Pontiac,GTO,$39205.11
Lotus,Evora,$23620.94
Mercedes-Benz,E-Class,$42209.34
Chevrolet,Caprice,$23718.61
Lexus,GS,$26189.56
Aston Martin,V8 Vantage,$25033.10
Mitsubishi,Pajero,$38097.28
Dodge,Durango,$42229.81
Lotus,Elise,$14644.84
Toyota,Tacoma Xtra,$22708.35
GMC,Vandura 1500,$19573.97
GMC,Yukon,$22555.64
Geo,Prizm,$13384.55
Hyundai,Elantra,$38540.10
Chevrolet,Silverado 1500,$16994.34
Suzuki,XL-7,$35009.59
Volkswagen,CC,$37614.48
Ford,Five Hundred,$41716.12
Chevrolet,Tracker,$13497.41
Suzuki,Equator,$19447.93
Ford,Expedition,$40501.81
GMC,Suburban 2500,$31111.18
Subaru,Legacy,$22251.73
Mercury,Topaz,$16615.06
Ford,Thunderbird,$45671.35
Mitsubishi,Tredia,$40362.30
Toyota,Matrix,$29762.53
Volkswagen,Tiguan,$24263.08
Mercury,Sable,$18592.24
Volkswagen,Cabriolet,$33563.71
Mitsubishi,Mighty Max Macro,$34902.01
Chevrolet,1500,$43029.36
Maserati,GranSport,$20579.67
Infiniti,M,$12224.25
Pontiac,GTO,$18795.95
Ford,F250,$24383.06
Ford,Mustang,$41863.71
Hyundai,Accent,$26117.43
Ford,Expedition,$14687.45
Peugeot,207,$25879.01
Bentley,Azure T,$14121.06
BMW,X5,$49175.54
Mitsubishi,Raider,$42079.97
Mercedes-Benz,S-Class,$26742.37
Mitsubishi,Outlander,$48534.15
Volkswagen,Cabriolet,$27777.95
Dodge,Stratus,$15486.73
Saab,9-4X,$10980.68
Chevrolet,Impala,$25698.89
GMC,Yukon XL 2500,$25741.14
Lexus,GS,$45692.79
Cadillac,XLR-V,$37627.16
Chevrolet,Express 2500,$23545.63
Mazda,Millenia,$39468.24
Kia,Rio,$44124.57
Subaru,XT,$17040.30
Infiniti,I,$14951.37
Maserati,Gran Sport,$41855.34
Ford,Ranger,$27813.65
Infiniti,FX,$35003.16
Lexus,RX Hybrid,$24649.87
Mitsubishi,Lancer Evolution,$27304.17
Toyota,RAV4,$19782.44
BMW,7 Series,$35443.18
Acura,Legend,$10013.05
Mercury,Grand Marquis,$36176.27
Hyundai,Entourage,$21234.56
Mercedes-Benz,M-Class,$27454.13
Buick,Park Avenue,$12675.47
Volvo,S60,$37871.42
Dodge,Sprinter,$33670.75
Geo,Prizm,$15582.05
Acura,TL,$32065.94
Ford,Windstar,$35252.19
Mercedes-Benz,300TE,$11922.46
Ford,Tempo,$48029.88
Pontiac,Fiero,$12560.85
Cadillac,DeVille,$18242.64
Nissan,Maxima,$19818.31
Suzuki,X-90,$41368.06
Ford,Explorer,$41922.53
GMC,Yukon,$24320.76
Dodge,Ram 2500 Club,$20356.40
Ford,Ranger,$14379.10
Mercedes-Benz,SL-Class,$23868.43
Mitsubishi,Chariot,$21512.79
Cadillac,CTS,$32737.16
Audi,Q7,$30857.55
Audi,riolet,$49655.73
Volkswagen,Cabriolet,$10924.22
Volkswagen,CC,$37606.99
Buick,Regal,$16307.98
Ford,LTD Crown Victoria,$47397.94
Mercedes-Benz,SL-Class,$41976.17
Ford,Ranger,$15468.26
MINI,Countryman,$47095.84
Dodge,Dakota Club,$49349.80
Chevrolet,Corvette,$36222.53
Ford,Festiva,$22959.94
Oldsmobile,LSS,$45398.46
Cadillac,Escalade,$12254.19
Chevrolet,Express 3500,$41058.79
Chevrolet,Avalanche,$26760.35
Jaguar,X-Type,$28687.47
Buick,Regal,$28837.04
Volkswagen,Tiguan,$35791.82
Nissan,Maxima,$37412.17
Lincoln,Navigator,$21693.69
Nissan,350Z,$16574.92
Jaguar,XJ Series,$49961.53
Bentley,Continental Flying Spur,$42821.72
Maserati,GranTurismo,$18404.83
Subaru,Outback,$19356.24
Toyota,4Runner,$39195.63
Chevrolet,Impala,$29803.43
Lotus,Exige,$28168.57
Spyker,C8 Double 12 S,$47750.22
Jaguar,S-Type,$36731.15
Ford,Crown Victoria,$28291.81
Dodge,Ram,$16182.53
Chevrolet,K5 Blazer,$48628.13
Hillman,Minx Magnificent,$10275.84
Kia,Sephia,$23715.03
Kia,Rondo,$48141.91
Volkswagen,Cabriolet,$43844.72
Chevrolet,Astro,$28016.13
GMC,Sierra 3500,$29597.10
Plymouth,Voyager,$10144.83
Chevrolet,Avalanche 1500,$24018.11
Ford,Aerostar,$29573.35
Buick,Special,$15739.81
Volkswagen,New Beetle,$37905.64
Chevrolet,Cobalt,$49034.59
Audi,Coupe GT,$49325.66
Chrysler,Crossfire,$23093.12
Chevrolet,Impala,$23874.02
Eagle,Vision,$25753.61
Pontiac,GTO,$30218.39
Pontiac,Grand Am,$45662.19
Porsche,928,$46466.24
GMC,Sierra 3500,$40998.43
Jeep,Grand Cherokee,$48728.53
Volvo,V70,$31004.31
Hyundai,Tiburon,$13785.59
Chevrolet,Caprice,$15677.16
Volvo,C30,$49980.97
Buick,Enclave,$45780.59
Volkswagen,Phaeton,$31754.74
Ford,F-Series,$33002.80
Mazda,Mazda5,$12089.59
GMC,Savana 3500,$25935.96
Buick,Regal,$16401.38
Chevrolet,Tahoe,$41867.86
Lincoln,Navigator L,$23193.91
Ford,Ranger,$39904.07
Pontiac,Grand Am,$10387.25
Acura,TL,$43400.43
Hyundai,Accent,$29732.31
Mitsubishi,Challenger,$35844.01
Saturn,Ion,$17417.98
Land Rover,Range Rover,$43076.91
Lotus,Esprit,$13477.29
GMC,Suburban 2500,$13823.90
Toyota,Tacoma,$44402.54
Ford,Club Wagon,$40702.57
Nissan,Sentra,$39774.49
Toyota,Celica,$37694.03
Nissan,Xterra,$17414.29
Ford,Aerostar,$44732.69
Acura,NSX,$26245.02
Nissan,GT-R,$11010.87
Acura,MDX,$44156.71
Holden,VS Commodore,$15697.44
Mazda,Mazda3,$48229.07
Dodge,Ram 3500,$11377.46
Pontiac,G3,$23329.71
Subaru,Outback,$22748.34
Jeep,Grand Cherokee,$12500.12
Dodge,Ram Van 2500,$15764.09
GMC,Sonoma,$14223.46
Ford,Escort,$21317.40
Toyota,Tacoma,$10167.57
Chrysler,Sebring,$20273.60
BMW,7 Series,$33061.03
Nissan,Sentra,$26086.63
GMC,3500 Club Coupe,$36746.37
Corbin,Sparrow,$47436.13
Land Rover,Discovery,$39167.90
Toyota,4Runner,$37470.03
Mitsubishi,Galant,$35631.47
Kia,Rio,$18185.45
Audi,90,$21335.29
Dodge,Ram Van 3500,$24585.59
Scion,iQ,$39014.79
Mazda,Mazda6,$38436.33
Infiniti,M,$19726.85
Nissan,Pathfinder,$26165.18
Bentley,Arnage,$49477.32
Honda,CR-V,$28029.05
Nissan,Rogue,$14651.75
Mitsubishi,Eclipse,$44388.51
Geo,Prizm,$48576.09
Pontiac,Bonneville,$11130.78
Pontiac,G3,$37304.06
Volvo,V70,$37282.28
Volvo,S80,$37769.36
Chrysler,Sebring,$36781.48
Mercedes-Benz,W201,$41059.73
Pontiac,Firebird,$14825.47
Chevrolet,Camaro,$46837.67
Jaguar,XK Series,$33637.77
Dodge,Ram Van 2500,$21924.82
Audi,TT,$16966.90
Pontiac,6000,$18828.21
Dodge,Dakota Club,$27846.66
Dodge,Ram 1500,$31800.69
Chevrolet,Corvette,$28855.62
Volvo,S80,$34308.82
Volkswagen,Jetta,$18692.93
Lexus,IS,$21303.16
Hyundai,Sonata,$40310.12
Kia,Optima,$23348.92
Bentley,Continental GTC,$22848.93
Cadillac,STS-V,$26650.01
Audi,A4,$35384.15
Jeep,Liberty,$19644.20
Scion,tC,$10920.12
Suzuki,Equator,$18021.38
Audi,Coupe Quattro,$35664.40
Dodge,Ram 50,$44075.66
Volkswagen,rio,$43014.22
Toyota,Camry Solara,$19820.15
Kia,Sedona,$10524.25
Pontiac,Aztek,$33576.82
Hyundai,Sonata,$17959.24
Suzuki,Sidekick,$16250.27
Lincoln,Mark VIII,$49269.00
Pontiac,Grand Prix,$46091.09
Mazda,RX-8,$13551.64
Geo,Tracker,$14603.67
Mitsubishi,Eclipse,$11688.08
Ford,Crown Victoria,$18538.31
Lamborghini,Diablo,$28263.24
Toyota,Avalon,$41623.66
Subaru,Leone,$41811.99
Volkswagen,rio,$14101.61
Volvo,XC90,$23675.64
Lamborghini,Gallardo,$36293.61
Dodge,Ram Van 3500,$24776.48
Lexus,RX,$44492.71
Chevrolet,Tracker,$46370.79
Cadillac,Escalade EXT,$22828.38
Oldsmobile,Cutlass Supreme,$24607.73
Infiniti,QX56,$19453.01
Kia,Forte,$31949.94
Audi,A6,$45264.19
Chevrolet,HHR,$10044.66
Mercedes-Benz,GLK-Class,$47402.29
Chevrolet,Tahoe,$42847.32
Ford,Escort,$18929.71
Lotus,Esprit,$11190.74
Honda,CR-V,$47302.40
Honda,Civic Si,$23155.40
Scion,xB,$30382.95
Mazda,929,$47853.79
Chevrolet,HHR,$32826.59
Nissan,NX,$13742.88
Volkswagen,Cabriolet,$34926.99
Ford,F-Series,$11434.41
Geo,Storm,$39066.02
Porsche,Cayman,$43457.49
Lexus,RX,$39380.74
Lincoln,MKZ,$13519.46
Honda,S2000,$22869.83
Chrysler,LeBaron,$21888.96
BMW,M3,$14010.85
Chevrolet,Tahoe,$21426.64
Cadillac,Escalade ESV,$20306.15
Toyota,MR2,$44749.13
Chevrolet,Monza,$34668.87
Mercedes-Benz,W201,$39014.39
GMC,Sierra 3500,$29075.78
Toyota,Land Cruiser,$14423.59
Honda,Insight,$14876.49
Porsche,911,$37000.51
Audi,S4,$41996.64
Dodge,Stealth,$31569.46
Ford,F250,$33868.09
Hyundai,Sonata,$28359.89
Mitsubishi,Eclipse,$28555.59
Aston Martin,Virage,$15802.08
Isuzu,Trooper,$42231.88
Mazda,B-Series,$23626.22
Lexus,SC,$28295.62
BMW,525,$43822.66
BMW,M3,$38063.23
Toyota,Celica,$47936.06
Dodge,Viper,$41461.11
GMC,3500,$37247.13
Buick,Century,$40413.95
Mercedes-Benz,SL-Class,$19265.10
Buick,Park Avenue,$24368.42
Saturn,S-Series,$44712.87
Porsche,Carrera GT,$16202.17
Oldsmobile,Intrigue,$42394.48
Lexus,GX,$23060.69
BMW,X6 M,$27276.53
Pontiac,Sunbird,$24770.05
Dodge,Ram 2500,$27857.09
Isuzu,i-290,$28679.61
GMC,Rally Wagon 2500,$13098.71
Mercury,Villager,$27785.22
Chevrolet,Silverado 2500,$11537.99
Chevrolet,Suburban 2500,$40391.13
Panoz,Esperante,$47494.30
Mercury,Grand Marquis,$15445.91
Chevrolet,Cruze,$14385.36
Honda,Element,$25219.66
Honda,Prelude,$37062.17
Mercedes-Benz,CLK-Class,$19343.30
Nissan,Murano,$45055.68
Mitsubishi,Outlander,$22674.10
Ford,F-Series,$11789.90
BMW,5 Series,$42656.32
BMW,M5,$13752.53
Subaru,Impreza,$23866.23
GMC,Rally Wagon 1500,$22494.34
Ford,F250,$33767.45
GMC,3500,$20564.23
Buick,Park Avenue,$45503.58
GMC,Yukon XL,$25897.81
Honda,Fit,$49232.78
Oldsmobile,Silhouette,$11852.19
Cadillac,Eldorado,$39945.06
Chevrolet,Lumina APV,$11820.99
Volkswagen,Jetta,$15082.43
Hyundai,Santa Fe,$18141.85
Austin,Mini Cooper S,$22527.71
Chevrolet,Cavalier,$47194.54
Ford,F-Series,$18738.36
Nissan,Xterra,$11900.83
Buick,Skylark,$45338.14
GMC,Savana 3500,$21962.43
Acura,Legend,$29527.54
Mitsubishi,Challenger,$33098.62
Subaru,Outback,$37750.85
Chevrolet,Express 1500,$48572.90
Saturn,Outlook,$13855.54
Buick,Regal,$18288.90
Buick,Reatta,$47125.62
Mitsubishi,Expo,$29225.48
Mazda,Protege,$38688.74
Mitsubishi,Lancer,$45358.18
Ford,F150,$28397.89
Pontiac,Sunfire,$40518.15
GMC,Savana,$21521.66
Isuzu,Hombre Space,$34819.00
Volkswagen,Touareg,$29211.87
GMC,Suburban 1500,$10518.40
GMC,Envoy XL,$42588.98
Toyota,Sienna,$15124.24
Mercury,Sable,$15108.26
Chevrolet,Suburban 1500,$39966.48
Volkswagen,Quantum,$49665.93
Cadillac,STS,$15903.14
Mercury,Cougar,$29311.14
Mercedes-Benz,C-Class,$32904.23
Subaru,XT,$45283.88
Porsche,Cayman,$21002.42
Lexus,GX,$25577.35
Lamborghini,Murciélago,$15621.39
Nissan,Quest,$12109.05
Chevrolet,Corvair 500,$35500.85
Volkswagen,Touareg,$25341.23
Porsche,Carrera GT,$28351.38
Toyota,RAV4,$36887.51
Mazda,Mazda6,$26625.31
Chrysler,Imperial,$34597.45
Porsche,Cayman,$44653.15
Volkswagen,Passat,$19928.83
Mercedes-Benz,C-Class,$43065.70
Aston Martin,V8 Vantage,$20022.49
Chrysler,Imperial,$30711.16
Jeep,Wrangler,$12288.26
Ford,Thunderbird,$19535.24
Geo,Metro,$10143.29
Hyundai,Sonata,$33949.70
Mazda,Mazda5,$29321.68
Ford,Explorer Sport Trac,$28692.96
Dodge,Stratus,$32794.18
Porsche,Boxster,$36428.35
GMC,Sierra 1500,$28161.14
MINI,Cooper Clubman,$26827.61
Toyota,Corolla,$49216.87
Ford,E250,$34205.79
Hummer,H2,$48410.19
Jeep,Grand Cherokee,$37395.07
Mazda,RX-7,$20490.45
Hummer,H3T,$13193.76
Chevrolet,2500,$36435.01
Ford,Escort,$27326.28
Toyota,FJ Cruiser,$47989.78
Ford,F250,$29810.33
Mercury,Tracer,$27241.93
Dodge,D250,$34133.98
Saturn,VUE,$25163.01
Land Rover,Discovery,$47378.80
Pontiac,Firebird,$34694.44
Suzuki,Swift,$19422.41
Aston Martin,DBS,$33127.23
Pontiac,Firefly,$42400.61
Subaru,Impreza,$28877.58
Ford,Expedition,$19261.51
Acura,RL,$28370.58
Suzuki,XL7,$40846.17
Pontiac,Firebird,$14987.49
Mercedes-Benz,CL-Class,$29867.92
Mercedes-Benz,CLS-Class,$33592.64
Ford,F250,$23764.40
Chevrolet,Silverado,$34464.53
Honda,Accord,$12966.49
Audi,Cabriolet,$24839.86
Ford,Probe,$10326.36
Chevrolet,2500,$14257.87
Mazda,MPV,$23038.37
Ford,Taurus,$33916.95
Mercedes-Benz,W201,$25120.42
Mitsubishi,Montero,$19944.81
Mitsubishi,RVR,$14136.02
Subaru,XT,$27655.85
Mitsubishi,Diamante,$22590.16
Bentley,Azure,$20920.21
Mitsubishi,Tredia,$32170.78
Mercedes-Benz,SLR McLaren,$26578.35
Scion,tC,$44901.95
Suzuki,Esteem,$33512.25
Chevrolet,Suburban 1500,$24848.85
Mercury,Topaz,$20554.77
Toyota,Paseo,$15462.86
Ford,Crown Victoria,$35523.68
Oldsmobile,Bravada,$37979.62
Aston Martin,DB9,$45024.81
Volkswagen,Touareg 2,$43092.55
Chevrolet,Colorado,$20377.84
Bentley,Arnage,$34326.98
Honda,Fit,$33303.25
Ford,Bronco II,$39913.05
Ford,Thunderbird,$28012.60
Ford,E350,$27793.84
Nissan,Maxima,$40197.74
Cadillac,Catera,$12706.98
GMC,3500,$12446.77
Mercedes-Benz,CLS-Class,$14176.04
Pontiac,Bonneville,$18320.38
Ford,Torino,$21317.58
Pontiac,Safari,$28208.79
Mercedes-Benz,SLK-Class,$15549.22
Land Rover,Range Rover Classic,$21767.40
Mercedes-Benz,S-Class,$10119.72
Buick,Skylark,$39044.00
Suzuki,Sidekick,$37182.30
Infiniti,QX,$24433.80
Mercedes-Benz,W201,$17858.15
Hyundai,Tucson,$42115.36
Pontiac,Bonneville,$48820.03
Hyundai,Sonata,$36809.05
Lincoln,Navigator,$30790.25
Dodge,D150 Club,$41915.38
Volkswagen,Golf,$45095.37
GMC,Yukon,$32135.55
Volvo,S80,$37012.23
Honda,Odyssey,$11408.88
Subaru,Outback,$10307.40
Oldsmobile,Achieva,$33707.76
Isuzu,Rodeo,$11360.37
Saturn,Astra,$14394.85
Chevrolet,Cavalier,$40752.72
Chevrolet,Prizm,$14722.35
Chevrolet,Impala,$38389.13
Volkswagen,riolet,$29074.62
Saab,9-7X,$16109.36
Volvo,XC90,$35034.96
BMW,530,$44835.83
Jeep,Grand Cherokee,$28980.75
Nissan,Maxima,$33846.54
Ford,Econoline E250,$41038.25
Subaru,Forester,$36996.59
Subaru,Forester,$41872.25
Plymouth,Colt Vista,$32455.55
Nissan,Murano,$39016.15
Dodge,Stratus,$18231.77
Ford,Taurus,$10536.11
Ford,F-Series,$13572.67
Dodge,Ram Van 2500,$38107.96
Honda,Insight,$46660.01
Volvo,C70,$40235.38
Mitsubishi,Tredia,$11545.96
Chevrolet,Express 2500,$43226.66
Dodge,Stratus,$18086.77
Land Rover,Range Rover Sport,$45118.15
GMC,Yukon XL 2500,$18562.96
MINI,Cooper Clubman,$44387.95
Subaru,Outback,$24033.61
Jeep,Wrangler,$37518.56
Acura,NSX,$39507.74
Lincoln,MKZ,$23514.94
Dodge,Intrepid,$15958.85
Daewoo,Leganza,$22891.32
Ford,F150,$20602.63
Lexus,LS,$45313.09
Mercury,Cougar,$39808.67
Land Rover,Defender,$27940.16
Chrysler,Fifth Ave,$13402.05
BMW,760,$35569.76
Ford,Escape,$39739.02
BMW,X5,$41473.99
Pontiac,Firefly,$21836.48
Lotus,Esprit Turbo,$39676.15
Dodge,Avenger,$27021.39
Toyota,Tundra,$22409.91
Ford,Thunderbird,$28954.43
Hyundai,XG350,$48210.86
Dodge,Ram Van B250,$44326.66
Chevrolet,Express 3500,$14356.89
Oldsmobile,Intrigue,$11061.80
Ford,Thunderbird,$25392.51
Suzuki,Grand Vitara,$26938.95
BMW,M3,$37289.00
Mitsubishi,Mighty Max,$31519.67
Foose,Hemisfear,$26941.89
Saturn,Astra,$24308.51
Buick,Terraza,$37988.96
Pontiac,Grand Prix,$10418.71
Ford,F350,$10962.77
Dodge,Durango,$34909.86
Buick,Coachbuilder,$27741.39
Dodge,Ram 3500,$48072.08
Chrysler,Voyager,$47927.08
Volkswagen,Passat,$44198.64
Mercury,Grand Marquis,$38680.76
Toyota,MR2,$26926.50
Chevrolet,G-Series G30,$31264.04
Audi,A6,$26013.35
Mercedes-Benz,GL-Class,$32199.68
Kia,Sephia,$18253.19
Plymouth,Neon,$34190.03
Oldsmobile,Cutlass,$19187.82
Infiniti,EX,$48765.92
Volkswagen,GTI,$38062.15
Chevrolet,Suburban 1500,$20460.10
Suzuki,Grand Vitara,$24573.60
Volvo,S80,$42468.97
Acura,Integra,$26010.75
Volkswagen,Golf III,$37654.57
Ford,Mustang,$31883.93
Suzuki,Daewoo Lacetti,$41224.57
Audi,R8,$35325.08
Pontiac,Grand Prix,$37564.11
Chrysler,Town & Country,$35064.23
Ford,Focus,$21780.48
Hyundai,Entourage,$16996.08
Pontiac,Bonneville,$20087.29
Cadillac,DeVille,$48724.20
Spyker,C8,$28116.42
Ford,Laser,$25966.58
Ford,F150,$38431.44
Chrysler,PT Cruiser,$22241.32
Aston Martin,Vantage,$18970.28
Subaru,XT,$34925.95
Mercury,Sable,$20993.18
Kia,Sportage,$12346.09
GMC,Sierra 1500,$49002.39
Ford,F250,$34502.41
Kia,Spectra5,$48439.52
Dodge,Intrepid,$23297.46
Mercury,Villager,$11275.69
Toyota,4Runner,$25579.80
Kia,Sportage,$14176.34
Nissan,200SX,$25554.45
Ford,Escort,$49602.81
Subaru,Tribeca,$17298.05
Toyota,Corolla,$41797.65
Chevrolet,Silverado 3500,$40041.04
Volvo,XC90,$39524.98
Plymouth,Laser,$43881.98
Mitsubishi,GTO,$33711.36
Dodge,Ram 3500 Club,$40784.28
Dodge,Ram 1500 Club,$27261.17
Lincoln,Navigator,$15184.83
Toyota,TundraMax,$24449.81
Mitsubishi,Outlander,$27334.60
GMC,Sierra 3500,$43298.11
Lamborghini,Diablo,$48232.46
Mitsubishi,Galant,$10197.56
Mercedes-Benz,600SEC,$45403.28
Lotus,Elise,$25824.51
Buick,Rendezvous,$27008.88
Mercedes-Benz,CL-Class,$43917.02
Hyundai,Azera,$16552.36
Hyundai,Entourage,$18785.46
Volkswagen,Cabriolet,$19445.46
Jeep,Compass,$44976.79
Jaguar,XJ Series,$24457.38
BMW,X5,$45211.99
Mercedes-Benz,R-Class,$19572.44
Chevrolet,Camaro,$47253.78
Chevrolet,Corvette,$25615.26
Jaguar,XJ Series,$42678.51
Mitsubishi,Pajero,$36781.91
Lotus,Elise,$32080.88
Ford,Bronco II,$34884.00
Oldsmobile,Aurora,$32121.77
Infiniti,Q,$12933.61
Buick,Lucerne,$34098.20
Ford,Mustang,$10738.75
Toyota,Celica,$29328.59
Pontiac,Grand Prix,$17182.43
Porsche,944,$38068.19
Toyota,Tundra,$29461.25
Chrysler,PT Cruiser,$17727.33
Toyota,Supra,$45243.17
Audi,A8,$12580.15
GMC,Yukon XL 2500,$11929.17
BMW,5 Series,$15953.75
GMC,Sonoma,$40513.17
GMC,Jimmy,$32273.28
Audi,A6,$27838.77
Suzuki,Vitara,$15461.05
GMC,Envoy,$43332.40
Mazda,Protege,$14481.24
Nissan,200SX,$15460.85
Mazda,B-Series Plus,$37127.40
Chrysler,Town & Country,$48090.70
Infiniti,QX56,$42323.81
Pontiac,G6,$10335.06
Honda,CR-V,$42572.21
Toyota,Tacoma,$34734.53
Chrysler,Town & Country,$37780.85
Ford,Mustang,$48030.26
Lotus,Evora,$40448.56
GMC,Sierra 2500,$19598.13
Ford,Aerostar,$22956.25
Ford,F-Series Super Duty,$46382.13
Fiat,Nuova 500,$27850.66
BMW,X6,$21187.42
Porsche,928,$17589.21
Bentley,Continental,$43092.67
Eagle,Talon,$34557.03
Chrysler,Sebring,$30402.73
Chevrolet,Monte Carlo,$42352.67
Chevrolet,Avalanche 2500,$16802.82
Dodge,Stealth,$45011.98
Volkswagen,rio,$36235.12
Ford,Tempo,$23055.55
Oldsmobile,Aurora,$28015.52
Porsche,944,$28147.37
Buick,Estate,$40561.64
Volkswagen,Passat,$40382.97
Chevrolet,S10,$37052.70
Mazda,Mazda6 5-Door,$12191.51
Kia,Rio,$30413.61
Suzuki,Grand Vitara,$16586.57
Ford,Escape,$31471.23
GMC,Savana 1500,$20908.00
Toyota,Matrix,$31259.31
Cadillac,Escalade EXT,$47910.76
Ford,F150,$24856.80
Mazda,626,$42486.68
Mercury,Mariner,$17295.94
Chevrolet,Volt,$23175.78
Chrysler,PT Cruiser,$22733.12
Land Rover,Range Rover,$36287.41
Honda,Civic,$45059.51
Volkswagen,Jetta,$17028.49
Dodge,Caravan,$19854.56
GMC,Rally Wagon 3500,$27459.77
Ford,Focus,$44804.18
Volkswagen,Routan,$14302.39
Lexus,ES,$43256.81
Jaguar,XK Series,$10184.89
Ford,Windstar,$22571.20
GMC,Yukon XL 2500,$35093.71
Mercury,Grand Marquis,$22918.73
Mercury,Grand Marquis,$35391.32
Ford,Explorer,$23796.14
Suzuki,SJ,$11564.11
Mitsubishi,Montero,$39527.08
BMW,545,$31834.56
Dodge,Dakota,$15395.31
Pontiac,Grand Prix,$49772.96
Pontiac,Montana,$16662.45
Mercedes-Benz,S-Class,$26389.39
GMC,Sierra 1500,$33537.67
Saab,9-7X,$36173.07
Mercedes-Benz,500E,$45419.79
Jeep,Cherokee,$48185.07
Volvo,S80,$33433.46
Chevrolet,Suburban 2500,$16346.13
Mazda,B-Series,$41838.18
Volkswagen,Jetta,$11116.50
Chevrolet,Cruze,$21283.11
Honda,Insight,$29163.89
Ford,Econoline E350,$10742.54
Mercedes-Benz,Sprinter 2500,$14888.87
BMW,530,$35450.81
Mercury,Monterey,$36008.62
Mazda,CX-7,$44766.33
Ford,Crown Victoria,$46712.32
Chevrolet,Colorado,$32219.58
Suzuki,Reno,$10882.16
Subaru,Impreza,$18582.28
Volvo,850,$21571.37
Volvo,V70,$13305.55
Audi,A8,$16958.02
Mercedes-Benz,300SE,$32880.71
Porsche,911,$13147.32
Ford,Fusion,$21652.65
GMC,1500,$26700.92
Toyota,Avalon,$19362.13
Porsche,Cayenne,$25269.88
Mercedes-Benz,W201,$17344.06
